FILMFC220|FC220
HE-FC220-110V|FC220
HE-FC220-220V|FC220
HE-IR2016-220V|IR2016
FG6-6039-FM3|IR2200
HE-IR2200-110V|IR2200
HE-IR2318-220V|IR2318
FG6-6039-FM3|IR2800
FG6-6039-FM3|IR3300
HE-IR3300-110V|IR3300
HE-IR3300-220V|IR3300
HE-IR3570-110V|IR3570
HE-IR3570-220V|IR3570
42126600|M01
LMPE-X1012|X01
LMPH-X1012|X01
22K90300|X02
22K91350|X02
25BA-8301-0|K01
25HA-5308-1|K02
4900-8301-0|K03
5522-8303-0|K04
5080-5315-0|K05
22S63128|X03
22S63201|X04
126S60507|X05
22S61500|X06
40364901|M02
42128121|M03
42128121|M04
3920-8301-0|K06
4900-5305-0|K07
40365400|M05
26AA-5305-0|K08
0500-5303-0|K09
73920131|M06
40363300|M07
42126600|M08
42129520|M09
40362401|M10
3042-8303-0|K12
3040-8301-0|K10
3040-8301-0|K11
40366501|M11
73968020|M12
42166520|M13
75768020|M14
75720200|M14
4660-8301-0|K13
4662-8303-0|K14
4660-5301-01|K15
LMPE-K1800|K16
LMPH-K1800|K16
3220-8301-0|K17
5402-8303-0|K18
5400-5301-0|K19
5760-5301-0-OLD|K19
72168020|M15
40364301|M16
40364301|M17
3960-5308-0|K20
71868040|M18
4920-5314-0|K21
3400-5400-2|K22
4500-5308-2|K23
42129520|M19
AE011064|G3502
AE020108|G3502
3260-8301-0|K24
3262-8303-0|K24
3262-5321-0|K24
UFR-X4010|X07
5442-8303-0|K25
5440-5301-0|K26
35254055|M20
25BE-8303-0|K27
25BA-5316-2|K27
3180-5305-0|K28
22K10991|X08
LMPE-X5018|X09
LMPH-X5018|X09
600K23750|X09
600K23750|X10
25AA-5305-2|K29
33020040|M21
AE011041|AF01
AE011044|AF02
AE020078|AF03
4400-534630|BD01
4400-539630|BD01
HR1210U|BD02
HR1350U|BD02
HR1210U|BD03
4400-357910|BD04
HR24TAU|BD05
HR24TAU|BD04
HR24RAL|BD04
4400-357810|BD04
4400-679140|BD06
4400-679810|BD06
4402-816010|BD07
4402-816010|BD08
4400-733240|BD09
HR2510L|BD10
HR2050UN|BD11
HR2510UN|BD12
4401-981380|BD13
4401-981120|BD14
HR2060U|BD15
4407-987520|BD16
HR40TMU|BD17
HR3240U|BD18
HR30TAU|BD19
4407-690820|BD19
4407-692190|BD19
LMPE-T3210|BD20
HR35TAU|BD21
HR40TFU|BD22
4407-768330|BD23
4407-768360|BD23
HR35TFU|BD24
LMPE-T5010|BD25
4408-610970|BD26
HR5020U|BD26
4407-551780|BD27
HR40TIU|BD28
4407-863190|BD29
4401-797360|BD30
HR6550U|BD31
HR40TGU|BD32
4407-575180|BD33
HR50TCU|BD33
UFR-T8570|BD34
4408-318660|BD35
4408-318710|BD35
HR60TAU|BD36
60168010|CS01
73968020|CS02
73920131|CS03
UFR-MIT1001|DC01
29820050|DC02
73920020|DC02
43328112|DC03
29020031|DC04
45227529|DC05
45227523|DC06
65868100|DC07
65820070|DC08
65820010|DC09
63820020|DC10
45226603|DC11
42128520|DC12
75520040|DC13
60120160|DC14
UFR-MIT1522|DC15
72620200|DC16
72620210|DC17
66020170|DC18
75720122|DC19
43328212|DC20
UFR-MIT231|DC21
71820060|DC22
43329513|DC23
40365802|DC23
72420040|DC24
74320040|DC25
61720410|DC26
UFR-MIT7000|DC27
1139-5522-01|EP01
1139-5562-01|EP02
1136-5779-01|EP03
9351-2920-51|EP04
1050-1701-04|EP05
1050-1702-01|EP06
1067-5701-01|EP07
1067-5704-01|EP08
1038-1701-03|EP09
9351-2520-22|EP09
9351-2520-22|EP10
9353-2521-01|EP10
9351-2520-22A|EP10
9351-2220-22|EP11
9351-2220-21|EP12
0722-1711-02|EP12
1057-1701-01|EP13
9352-2920-21|EP13
1065-5861-01|EP14
0723-1701-05|EP15
9352-2917-08|EP16
1028-1701-03|EP17
1036-1701-04|EP18
1036-1702-13|EP19
9351-2620-41|EP20
9352-2621-01|EP21
9351-2620-41|EP22
9351-2821-31|EP23
9352-2821-22|EP23
1054-1703-02|EP24
1053-1701-03|EP25
9352-2820-71|EP26
9552-2822-21|EP27
9351-2220-91|EP28
1033-1701-02|EP29
9352-2221-02|EP30
1052-1710-01|EP31
UFR-MIN530R|EP32
9352-2311-62|EP33
1075-5768-01|EP34
1022-1701-05|EP35
1031-1708-02|EP36
1031-1708-02|EP37
LMPE-MN9760|EP38
9352-2221-81|EP38
52059506|FT01
AX520023|FT02
AX520023|FT03
AE011009|FT04
54479525|FT05
54474142|FT05
54485404|FT06
AE011012|FT07
AX530003|FT07
A1904082|FT08
54425308|FT09
A2194081|FT10
AE020050N|FT11
AE020050S|FT11
54425308|FT12
54425308|FT13
54424090|FT14
LMPE-R5035|FT15
AX440005|FT16
AX440005|FT17
AX440005|FT18
AE020001|FT19
AE011002|FT20
54425308|FT21
LMPH-R4530|FT21
LMPH-R5035|FT22
AE011027|FT23
AX520005|FT24
AE011032|FT25
52194096|FT26
AX440069|FT27
AX440069|FT28
AX520016|FT29
AE011032|FT30
25BA-53320|K30
5080-5314-1|K31
3920-5310-0|K32
3120-5421-0|K33
4500-5309-1|K34
25JA-5366-2|K35
25LA-5302-0|K36
25BA-5306-0|K37
AE011022|MV01
FA6-3921-000|NP01
FH7-3044-000|NP02
FH7-4117-000|NP02
FH7-4113-000|NP02
FH7-4113-000|NP03
FA2-9036-000|NP02
FA4-4662-020|NP04
FA4-4422-000|NP04
FH7-4108-000|NP05
FH7-4104-000|NP05
FA2-8286-040|NP05
FA2-8286-040|NP06
FH7-4173-000|NP06
FH7-4169-000|NP06
FA5-1501-000|NP06
FH7-4065-000|NP07
FH7-3056-020|NP08
FA2-1911-070|NP09
FH7-4185-000|NP10
FH7-4181-000|NP10
FH7-3076-000|NP10
FA4-0561-030|NP11
FA4-0561-030|NP12
FB1-5921-020|NP13
FB1-5921-SLV|NP13
FA5-2956-000|NP14
FB2-7200-000|NP15
FA6-7987-000|NP16
FH7-3215-000|NP16
FA5-7730-000|NP17
FH7-4130-000|NP18
FH7-4126-000|NP18
FA5-7429-000|NP19
FH7-3166-000|NP20
FH7-3166-000|NP21
FA2-5937-000|PC01
FH7-4087-CLN|PC02
FH7-3029-CLN|PC03
FH7-4165-000|PC04
FH7-3049-000|PC05
FB1-9212-000|PC06
FB1-1512-000|PC06
RLMPU0506FCZ|SD01
NROLT0778FCZZ|SD02
NROLT0778FCZZ|SD03
NROLT0719FCZZ|SF01
UFR-SH2007|SF02
RLMPU0359FCZZ|SF03
NROLT1063FCZZ|SF04
RLMPU0532FCZZ|SF05
NROLT1028FCZ|SF06
NROLI0583FCZZ|SF07
NROLT0962FCZZ|SF08
RLMPU0564FCZZ|SF09
NROLI1075FCZ|SF10
NROLT0971FCZZ|SF11
RLMPU0140FCZZ|SF12
RLMPU0144FCZZ|SF13
NROLT0231FCZZ|SF13
RLMPU0156FCZZ|SF14
NROLT0239FCZZ|SF14
NROLT0239FCZZ|SF15
NROLT0549FCZZ|SF16
NROLI0550FCZ|SF16
RLMPU0444FCZZ|SF17
RLMPU0365FCZZ|SF18
NROLT0506FCZZ|SF19
NROLI0507FCZ|SF19
NROLT0369FCZZ|SF20
NROLR0370FCZ|SF20
NROLT0613FCZZ|SF21
NROLT0477FCZZ|SF22
RLMPU0348FCZZ|SF23
RLMPU0278FCZZ|SF23
RLMPU0271FCZZ|SF23
NROLT0499FCZZ|SF23
RLMPU0519FCZZ|SF24
RLMPU0324FCZZ|SF25
NROLT0531FCZZ|SF26
NROLI0519FCZ|SF27