RB1-6636-000|HP5Si/8000
RB1-6637-020|HP5Si/8000
RB1-6638-020|HP5Si/8000
RB1-6639-000|HP5Si/8000
RB1-6640-000|HP5Si/8000
RB1-6641-000|HP5Si/8000
RB1-6641-000|HP8100
RB1-6642-000|HP5Si/8000
RB1-6642-000|HP8100
RB1-6644-000|HP5Si/8000
RB1-6644-000|HP8100
RB1-6647-000|HP5Si/8000
RB1-6662-000|HP5Si/8000
RB1-6686-000|HP5Si/8000
RB1-6686-000|HP8100
RB1-6687-000|HP5Si/8000
RB1-6687-000|HP8100
RB1-6730-000|HP5Si/8000
RB1-7181-000|HP5L
RB1-7181-000|HP6L
RB1-7203-000|HP5L
RB1-7203-000|HP6L
RB1-7226-000|HP5L
RB1-7226-000|HP6L
RB1-7293-000|HP5L
RB1-7293-000|HP6L
RB1-7813-000|HP5Si/8000
RB1-7911-000|HP5
RB1-7983-000|HP5
RB1-8668-030|HP1500
RB1-8668-030|HP2500
RB1-8668-030|HP4000
RB1-8714-000|HP1000
RB1-8714-000|HP1200
RB1-8714-000|HP1300
RB1-8714-000|HP1320
RB1-8714-000|HP2100
RB1-8714-000|HP2200
RB1-8714-000|HP2300
RB1-8714-000|HP2400
RB1-8714-000|HP4000
RB1-8714-000|HP4100
RB1-8714-000|HP4200
RB1-8714-000|HP4250
RB1-8714-000|HP4300
RB1-8714-000|HP4350
RB1-8714-000|HP4500
RB1-8714-000|HP5000
RB1-8714-000|HP5100
RB1-8714-000|HP8100
RB1-8787-000|HP4000
RB1-8787-000|HP4100
RB1-8788-000|HP4000
RB1-8788-000|HP4100
RB1-8794-000|HP4000
RB1-8796-000|HP4000
RB1-8797-000|HP4000
RB1-8798-000|HP4000
RB1-8799-000|HP4000
RB1-8800-000|HP4000
RB1-8800-MR|HP4000
RB1-8800-MR|HP4100
RB1-8806-000|HP4000
RB1-8810-000|HP4000
RB1-8811-000|HP4000
RB1-8811-NEW|HP4000
RB1-8812-000|HP4000
RB1-8813-000|HP4000
RB1-8814-000|HP4000
RB1-8816-000|HP4000
RB1-8819-000|HP4000
RB1-8865-000|HP4000
RB1-8865-000|HP4100
RB1-8865-000|HP4500
RB1-8865-000|HP5000
RB1-8865-000|HP5100
RB1-8877-000|HP4000
RB1-8877-000|HP4100
RB1-8877-000|HP5000
RB1-8877-000|HP5100
RB1-8879-000|HP4000
RB1-8879-000|HP4100
RB1-8880-000|HP4000
RB1-8910-000|HP4000
RB1-8957-000|HP4000
RB1-8957-000|HP4100
RB1-8957-000|HP4500
RB1-8974-000|HP4000
RB1-8974-000|HP4100
RB1-9009-000|HP4000
RB1-9009-000|HP4500
RB1-9044-000|HP4000
RB1-9181-000|HP5P
RB1-9181-000|HP6P
RB1-9210-000|HP6P
RB1-9526-000|HP8100
RB1-9526-000|HP8500
RB1-9686-000|HP8500
RB1-9700-000|HP8500
RB1-9704-000|HP8500
RB1-9705-000|HP8500
RB1-9706-000|HP8500
RB1-9706-OEM|HP8500
RB1-9712-000|HP8500
RB1-9716-000|HP8500
RB1-9720-000|HP8500
RB1-9743-000|HP8500
RB1-9748-000|HP8500
RB2-0419-000|HP4500
RB2-0420-000|HP4500
RB2-0421-000|HP4500
RB2-0434-000|HP4500
RB2-0435-000|HP4500
RB2-0436-000|HP4500
RB2-0437-000|HP4500
RB2-0438-000|HP4500
RB2-0439-000|HP4500
RB2-0440-000|HP4500
RB2-0441-000|HP4500
RB2-0442-000|HP4500
RB2-0444-000|HP4500
RB2-0445-000|HP4500
RB2-0445-001|HP4500
RB2-0453-000|HP4500
RB2-0454-000|HP4500
RB2-0501-000|HP4500
RB2-0502-000|HP4500
RB2-0717-000|HP4500
RB2-0734-000|HP4500
RB2-0744-000|HP4500
RB2-1282-000|HP4500
RB2-1283-000|HP4500
RB2-1634-000|HP5L
RB2-1634-000|HP6L
RB2-1699-000|HP5L
RB2-1699-000|HP6L
RB2-1782-000|HP5000
RB2-1782-000|HP5100
RB2-1796-000|HP5000
RB2-1796-000|HP5100
RB2-1797-000|HP5000
RB2-1797-000|HP5100
RB2-1803-000|HP5000
RB2-1803-000|HP5100
RB2-1804-000|HP5000
RB2-1804-000|HP5100
RB2-1807-000|HP5000
RB2-1807-000|HP5100
RB2-1820-000|HP5000
RB2-1820-000|HP5100
RB2-1821-000|HP5000
RB2-1821-000|HP5100
RB2-1906-000|HP5000
RB2-1906-000|HP5100
RB2-1919-000|HP5000
RB2-1919-000|HP5100
RB2-1924-000|HP5000
RB2-1926-000|HP5000
RB2-1926-000|HP5100
RB2-1927-000|HP5000
RB2-1927-000|HP5100
RB2-1928-000|HP5000
RB2-1928-000|HP5100
RB2-1940-000|HP5000
RB2-1956-000|HP5000
RB2-2387-000|HP4000
RB2-2387-000|HP4100
RB2-2387-000|HP4200
RB2-2387-000|HP4250
RB2-2387-000|HP4300
RB2-2387-000|HP4350
RB2-2835-000|HP2100
RB2-2836-000|HP2100
RB2-2836-000|HP2200
RB2-2836-000|HP2300
RB2-2850-000|HP2100
RB2-2850-000|HP2200
RB2-2850-000|HP2300
RB2-2891-000|HP2100
RB2-2894-000|HP2100
RB2-2894-000|HP2300
RB2-2898-000|HP2100
RB2-2900-000|HP2100
RB2-2900-000|HP2200
RB2-2973-000|HP2100
RB2-2973-000|HP2200
RB2-2974-000|HP2100
RB2-2977-000|HP2100
RB2-2978-000|HP2100
RB2-2978-000|HP2200
RB2-2978-000|HP2300
RB2-2978-000|HPP3015
RB2-2979-000|HP2100
RB2-2981-000|HP2100
RB2-2982-000|HP2100
RB2-2985-000|HP2100
RB2-2986-000|HP2100
RB2-3004-000|HP2100
RB2-3004-000|HP2200
RB2-3005-000|HP2100
RB2-3005-000|HP2200
RB2-3008-000|HP2100
RB2-3009-000|HP2100
RB2-3009-000|HP2200
RB2-3036-000|HP2100
RB2-3036-000|HP2200
RB2-3036-000|HP2300
RB2-3037-000|HP2100
RB2-3037-000|HP2200
RB2-3040-000|HP2100
RB2-3040-000|HP2200
RB2-3058-000|HP2200
RB2-3059-000|HP2200
RB2-3060-000|HP2200
RB2-3516-000|HP5Si/8000
RB2-3516-000|HP8100
RB2-3517-000|HP8100
RB2-3518-000|HP8100
RB2-3521-000|HP8100
RB2-3522-000|HP8100
RB2-3524-000|HP8100
RB2-3525-000|HP8100
RB2-3526-000|HP8100
RB2-3527-000|HP8100
RB2-3528-000|HP8100
RB2-3529-000|HP8100
RB2-3531-000|HP8100
RB2-3532-000|HP8100
RB2-3533-000|HP8100
RB2-3534-000|HP8100
RB2-3535-000|HP8100
RB2-3536-000|HP8100
RB2-3541-000|HP8100
RB2-3546-000|HP5Si/8000
RB2-3546-000|HP8100
RB2-3546-Kit|HP5Si/8000
RB2-3851-000|HP8100
RB2-3912-000|HP1100
RB2-3939-000|HP1100
RB2-3940-000|HP1100
RB2-3949-000|HP1100
RB2-3956-000|HP1100
RB2-3957-000|HP1100
RB2-3960-000|HP1100
RB2-3961-000|HP1100
RB2-4026-000|HP1100
RB2-4798-000|HP4100
RB2-4881-000|HP4100
RB2-4882-000|HP4100
RB2-4882-ASM|HP4100
RB2-4883-000|HP4100
RB2-4892-000|HP4100
RB2-4894-000|HP4100
RB2-4897-000|HP4100
RB2-4901-000|HP4000
RB2-4902-000|HP4100
RB2-4902-SPR|HP4100
RB2-4919-000|HP4100
RB2-4925-000|HP4100
RB2-4930-000|HP4100
RB2-4931-000|HP4100
RB2-4932-000|HP4100
RB2-4936-000|HP4100
RB2-5034-000|HP4100
RB2-5040-000|HP4000
RB2-5731-000|HP9000
RB2-5738-000|HP9000
RB2-5742-000|HP9000
RB2-5744-000|HP9000
RB2-5835-000|HP9000
RB2-5921-000|HP9000
RB2-5940-000|HP9000
RB2-5940-FLAG|HP9000
RB2-5943-000|HP9000
RB2-5946-000|HP9000
RB2-5948-000|HP9000
RB2-5951-000|HP9000
RB2-5956-000|HP9000
RB2-5957-000|HP9000
RB2-5958-000|HP9000
RB2-5959-000|HP9000
RB2-5961-000|HP9000
RB2-5964-000|HP9000
RB2-6035-000|HP9000
RB2-6036-000|HP9000
RB2-6037-000|HP9000
RB2-6221-000|HP5L
RB2-6221-000|HP6L
RB2-6254-000|HP2200
RB2-6268-000|HP2200
RB2-6269-000|HP2200
RB2-6270-000|HP2200
RB2-6272-000|HP2200
RB2-6273-000|HP2200
RB2-6274-000|HP2200
RB2-6304-000|HP2200
RB2-6304-000|HP2300
RB2-6348-000|HP2100
RB2-6348-000|HP2200
RB2-6349-000|HP2100
RB2-6349-000|HP2200
RB2-6350-000|HP2200
RB2-6351-000|HP2200
RB2-6351-000|HP2300
RB2-6352-000|HP2200
RB2-6352-000|HP2300
RB2-6357-000|HP2200
RB2-6359-000|HP2200
RB2-6368-000|HP2200
RB2-6371-000|HP2200
RB2-6372-000|HP2200
RB2-6374-000|HP2200
RB2-7195-000|HP1500
RB2-7195-000|HP2500
RB2-8306-000|HP4600
RB2-8306-CL2|HP4600
RB2-8306-GD|HP4600
RB2-8306-GD2|HP4600
RB2-8363-000|HP4600
RB2-8365-000|HP4600
RB2-8475-000|HP4600
RB2-8498-000|HP4600
RB2-8514-000|HP4600
RB2-8525-000|HP4600
RB2-8769-000|HP4100
RB2-9112-000|HP5500
RB2-9112-000|HP5550
RB2-9255-000|HP5500
RB2-9255-000|HP5550
RB2-9256-000|HP5500
RB2-9256-000|HP5550
RB2-9258-000|HP5500
RB2-9258-000|HP5550
RB2-9258-UNIV|HP5500
RB2-9258-UNIV|HP5550
RB2-9268-000|HP5500
RB2-9268-000|HP5550
RB2-9269-000|HP5500
RB2-9269-000|HP5550
RB2-9270-000|HP5500
RB2-9270-000|HP5550
RB2-9271-000|HP5500
RB2-9271-000|HP5550
RB2-9272-000|HP5500
RB2-9272-000|HP5550
RB3-0061-000|HP1500
RB3-0061-000|HP2500
RB3-0063-000|HP1500
RB3-0063-000|HP2500
RB3-0129-000|HP2500
RB3-0160-000|HP2500
RB3-0160-000|HP2820
RB3-0161-000|HP2500
RB3-0161-000|HP2820
RB3-0173-000|HP2500
RB3-0178-000|HP1500
RB3-0178-000|HP2500
RB3-0179-000|HP1500
RB3-0179-000|HP2500
RB3-0180-000|HP2500
RB3-0180-000|HP2820
RB3-0191-000|HP2500
RB3-0908-000|HP4600
RB3-0908-PLT|HP4600
RB3-1047-000|HP2550
RB3-1056-ASM|HP2550
RB3-1056-ASM|HP2820
RB3-1141-ASM|HP2820
RB9-0695-020|HP2100
RB9-0695-020|HP2200
RC1-0044-000|HP4300
RC1-0060-000|HP4200
RC1-0060-000|HP4250
RC1-0060-000|HP4300
RC1-0060-000|HP4345
RC1-0060-000|HP4350
RC1-0062-000|HP4200
RC1-0062-000|HP4300
RC1-0062-ASM|HP4200
RC1-0062-ASM|HP4300
RC1-0070-000|HP4200
RC1-0070-000|HP4300
RC1-0071-000|HP4200
RC1-0071-000|HP4300
RC1-0071-000|HP4345
RC1-0071-4250|HP4250
RC1-0071-4250|HP4350
RC1-0072-000|HP4200
RC1-0072-000|HP4250
RC1-0072-000|HP4300
RC1-0072-000|HP4345
RC1-0072-000|HP4350
RC1-0073-000|HP4200
RC1-0073-000|HP4300
RC1-0073-000|HP4345
RC1-0074-000|HP4200
RC1-0080-000|HP4250
RC1-0080-000|HP4350
RC1-0081-000|HP4250
RC1-0081-000|HP4350
RC1-0083-000|HP4200
RC1-0091-000|HP4200
RC1-0091-000|HP4300
RC1-0091-000|HP4345
RC1-0103-000|HP4250
RC1-0165-000|HP4250
RC1-0165-000|HP4300
RC1-0165-000|HP4350
RC1-0325-000|HP4200
RC1-0325-000|HP4250
RC1-0325-000|HP4300
RC1-0325-000|HP4350
RC1-0325-KIT|HP4200
RC1-0325-KIT|HP4250
RC1-0325-KIT|HP4300
RC1-0325-KIT|HP4350
RC1-0345-000|HP4250
RC1-0345-000|HP4350
RC1-0387-000|HP4200
RC1-0387-000|HP4300
RC1-0387-000|HP4345
RC1-0413-000|HP4250
RC1-0413-000|HP4300
RC1-0413-000|HP4345
RC1-0413-000|HP4350
RC1-0922-000|HPP3005
RC1-0939-000|HP2300
RC1-0939-000|HP2400
RC1-0939-000|HPP3005
RC1-0945-000|HP2300
RC1-0954-000|HP2300
RC1-0954-000|HP2500
RC1-0954-000|HP3500
RC1-0974-000|HP2300
RC1-0977-000|HP2300
RC1-0978-000|HP2300
RC1-0980-000|HP2300
RC1-0982-000|HP2300
RC1-0988-000|HP2300
RC1-0991-000|HP2300
RC1-1535-000|HP3500
RC1-1535-000|HP3700
RC1-1680-000|HP3500
RC1-1681-000|HP3500
RC1-1682-000|HP3500
RC1-1683-000|HP3500
RC1-1687-000|HP3500
RC1-1688-000|HP3500
RC1-1689-000|HP3500
RC1-1699-000|HP3500
RC1-1701-000|HP3500
RC1-1702-000|HP3500
RC1-1712-000|HP3500
RC1-1719-000|HP3500
RC1-1720-000|HP3500
RC1-1790-000|HP1300
RC1-1808-000|HP1300
RC1-1809-000|HP1300
RC1-1812-000|HP1200
RC1-1812-000|HP1300
RC1-2038-000|HP1010
RC1-2038-000|HP1020
RC1-2069-000|HP1010
RC1-2070-000|HP1010
RC1-2091-000|HP1010
RC1-2091-000|HP3020
RC1-2095-000|HP1010
RC1-2095-000|HP3020
RC1-2097-000|HP1010
RC1-2097-000|HP1020
RC1-2097-000|HP3020
RC1-2097-000|HP3050
RC1-2108-000|HP3020
RC1-2488-000|HP3050
RC1-2489-000|HP3050
RC1-3324-ASM|HP4200
RC1-3324-ASM|HP4250
RC1-3324-ASM|HP4300
RC1-3324-ASM|HP4345
RC1-3324-ASM|HP4350
RC1-3329-000|HP4250
RC1-3329-000|HP4350
RC1-3329-ASM|HP4250
RC1-3329-ASM|HP4350
RC1-3354-000|HP4200
RC1-3354-000|HP4300
RC1-3361-000|HP4200
RC1-3361-000|HP4300
RC1-3361-000|HP4345
RC1-3362-000|HP4200
RC1-3362-000|HP4300
RC1-3362-000|HP4345
RC1-3607-000|HP1320
RC1-3607-000|HPP2015
RC1-3608-000|HP1320
RC1-3609-000|HP1320
RC1-3609-000|HPP2015
RC1-3610-000|HP1320
RC1-3610-000|HPP2015
RC1-3611-000|HP1320
RC1-3611-000|HPP2015
RC1-3612-000|HP1320
RC1-3613-000|HP1320
RC1-3613-000|HPP2015
RC1-3616-000|HP1320
RC1-3616-000|HPP2015
RC1-3617-000|HP1320
RC1-3617-000|HPP2015
RC1-3618-000|HP1320
RC1-3618-000|HPP2015
RC1-3619-000|HP1320
RC1-3619-000|HPP2015
RC1-3621-000|HP1320
RC1-3627-000|HP1320
RC1-3627-000|HPP2015
RC1-3638-000|HP1320
RC1-3638-000|HPP2015
RC1-3639-000|HP1320
RC1-3639-000|HPP2015
RC1-3645-000|HP1320
RC1-3645-000|HPP2015
RC1-3654-000|HP1320
RC1-3654-000|HPP2015
RC1-3665-000|HP1320
RC1-3665-000|HPP2015
RC1-3691-000|HP1320
RC1-3691-000|HPP2015
RC1-3963-000|HP2400
RC1-3963-000|HPP3005
RC1-3969-000|HP2400
RC1-3974-000|HP2400
RC1-3974-000|HPP3005
RC1-3976-000|HP2400
RC1-3976-000|HPP3005
RC1-3977-000|HP2400
RC1-3980-000|HP2400
RC1-3983-000|HP2400
RC1-3989-000|HP2400
RC1-4732-000|HP4700
RC1-4732-000|HPCP4005
RC1-4742-000|HP4700
RC1-4742-000|HPCP4005
RC1-4743-000|HP4700
RC1-4743-000|HPCP4005
RC1-4744-000|HP4700
RC1-4744-000|HPCP4005
RC1-4749-000|HP4700
RC1-4749-000|HPCP4005
RC1-4753-000|HP4700
RC1-4753-000|HPCP4005
RC1-5059-000|HP2600
RC1-5060-000|HP2600
RC1-5062-000|HP1600
RC1-5062-000|HP2600
RC1-5063-ASM|HP2600
RC1-5065-000|HP2600
RC1-5096-000|HP1600
RC1-5096-000|HP2600
RC1-5097-000|HP1600
RC1-5097-000|HP2600
RC1-5440-000|HP1600
RC1-5440-000|HP2600
RC1-5567-000|HP1022
RC1-5568-000|HP1022
RC1-5577-ASM|HP1022
RC1-5577-ASM|HP3050
RC1-6224-000|HP1020
RC1-6233-ASM|HP3600
RC1-6233-ASM|HP3800
RC1-6234-000|HP3600
RC1-6234-000|HP3800
RC1-6254-000|HP3600
RC1-6254-000|HP3800
RC1-6263-000|HP3600
RC1-6263-000|HP3800
RC1-6266-000|HP3600
RC1-6266-000|HP3800
RC1-6267-000|HP3600
RC1-6267-000|HP3800
RC1-6275-000|HP3600
RC1-6275-000|HP3800
RC1-7154-000|HP5200
RC1-7188-000|HP5200
RC1-7317-000|HP5200
RC1-7318-000|HP5200
RC1-7319-000|HP5200
RC1-7320-000|HP5200
RC1-7321-000|HP5200
RC1-7322-000|HP5200
RC1-7440-000|HP5200
RC1-8863-000|HPCP6015
RC2-0296-000|HPP2015
RC2-0300-000|HPP2015
RC2-0429-000|HPP2015
RC2-0657-000|HPP3005
RC2-0670-000|HPP3005
RC2-0676-000|HPP3005
RC2-0678-000|HPP3005
RC2-0683-000|HPP3005
RC2-1043-000|HPP1505
RC2-1048-000|HPP1005
RC2-1048-000|HPP1008
RC2-1054-000|HPP1005
RC2-1054-000|HPP1008
RC2-1072-000|HPP1005
RC2-1072-000|HPP1008
RC2-1076-000|HPP1005
RC2-1076-000|HPP1008
RC2-1084-000|HPP1005
RC2-1084-000|HPP1008
RC2-1407-000|HPP1005
RC2-1407-000|HPP1008
RC2-1407-000|HPP1505
RC2-1408-000|HPP1005
RC2-1408-000|HPP1008
RC2-1408-000|HPP1505
RC2-1412-000|HPP1505
RC2-1413-000|HPP1505
RC2-1472-000|HPP1505
RC2-2159-000|HPCP1215
RC2-2160-000|HPCP1215
RC2-2167-000|HPCP1215
RC2-2429-000|HPP4014
RC2-2431-000|HPP4014
RC2-5208-ASM|HPP4014
RC2-5225-000|HPP4014
RC2-7848-ASM|HPP3015
RC2-7860-000|HPP3015
RC2-8575-000|HPP3015
RDR-4345-ASM|HP4345
RF0-1002-000|HP1000
RF0-1002-000|HP1200
RF0-1002-000|HP1300
RF0-1003-000|HP1000
RF0-1003-000|HP1200
RF0-1008-000|HP1000
RF0-1008-000|HP1200
RF0-1008-000|HP1300
RF0-1014-000|HP1000
RF0-1014-000|HP1200
RF0-1014-000|HP1300
RF1-0842-OEM|HPII/III
RF1-0921-000|HPII/III
RF1-0923-000|HPII/III
RF1-1145-000|HPII/III
RF1-2130-POS|HPII/III
RF1-2130-PRE|HPII/III
RF1-2483-OEM|HPIIP/IIIP
RF1-2484-OEM|HPIIP/IIIP
RF1-2505-000|HPIIP/IIIP
RF1-3303-000|HPIIP/IIIP
RF1-3304-000|HPIIP/IIIP
RF1-3811-000|HP4+
RF1-3811-000|HP5
RF5-0041-020|HP3Si/4Si
RF5-0068-000|HP3Si/4Si
RF5-0071-000|HP3Si/4Si
RF5-0081-000|HP3Si/4Si
RF5-0302-000|CanonBX
RF5-0302-000|HP4V
RF5-0327-060|CanonBX
RF5-0327-060|HP4V
RF5-0343-000|HP4
RF5-0343-000|HP4+
RF5-0343-000|HP5
RF5-0343-000|HP5P
RF5-0343-000|HP6P
RF5-0349-000|HP4
RF5-0349-000|HP4+
RF5-0349-000|HP5
RF5-0350-000|HP4
RF5-0350-000|HP4+
RF5-0350-000|HP5
RF5-0425-000|HP4
RF5-0425-000|HP4+
RF5-0425-000|HP5
RF5-0427-000|HP4
RF5-0428-000|HP4
RF5-0535-000|HP4
RF5-0536-000|HP4
RF5-0596-000|HP4L/4P
RF5-0596-000|HP5P
RF5-0596-000|HP6P
RF5-0647-000|HP5
RF5-0736-000|HP4+
RF5-0736-000|HP5
RF5-0737-000|HP4+
RF5-0737-000|HP5
RF5-0738-000|HP4+
RF5-0738-000|HP5
RF5-0744-000|HP4+
RF5-0744-000|HP5
RF5-1076-020|HP4
RF5-1076-020|HP4+
RF5-1076-020|HP5
RF5-1077-030|HP4
RF5-1077-030|HP4+
RF5-1077-030|HP5
RF5-1290-000|HP5P
RF5-1380-000|HP4V
RF5-1412-000|HP5Si/8000
RF5-1433-000|HP5Si/8000
RF5-1449-FC|HP5Si/8000
RF5-1455-000|HP5Si/8000
RF5-1516-000|HP5L
RF5-1521-000|HP5L
RF5-1534-000|HP5L
RF5-1534-000|HP6L
RF5-1534-Gear|HP5L
RF5-1534-Gear|HP6L
RF5-1834-000|HP5Si/8000
RF5-1834-000|HP8100
RF5-1834-000|HP8500
RF5-1835-000|HP5Si/8000
RF5-1835-000|HP8100
RF5-1835-000|HP8500
RF5-1874-000|HP4000
RF5-1885-000|HP4000
RF5-1885-000|HP4500
RF5-2092-020|HP4500
RF5-2099-000|HP4500
RF5-2103-000|HP4500
RF5-2104-000|HP4500
RF5-2110-000|HP4500
RF5-2111-000|HP4500
RF5-2112-000|HP4500
RF5-2364-000|HP6L
RF5-2399-000|HP5000
RF5-2400-000|HP5000
RF5-2409-000|HP5000
RF5-2409-000|HP5100
RF5-2435-000|HP5000
RF5-2484-000|HP4000
RF5-2490-000|HP4000
RF5-2490-000|HP4500
RF5-2601-000|HP2100
RF5-2603-000|HP2100
RF5-2604-000|HP2100
RF5-2604-000|HP2200
RF5-2609-000|HP2100
RF5-2609-000|HP2200
RF5-2634-000|HP5000
RF5-2634-000|HP5100
RF5-2636-000|HP5000
RF5-2636-000|HP5100
RF5-2675-000|HP8100
RF5-2694-000|HP8100
RF5-2703-000|HP8100
RF5-2708-000|HP8100
RF5-2708-000|HP8500
RF5-2823-000|HP1100
RF5-2830-000|HP1100
RF5-2832-000|HP1100
RF5-2886-000|HP1100
RF5-3086-000|HP4100
RF5-3114-000|HP4100
RF5-3116-000|HP4000
RF5-3116-000|HP4100
RF5-3167-000|HP4500
RF5-3272-000|HP2200
RF5-3319-000|HP9000
RF5-3338-000|HP5500
RF5-3338-000|HP5550
RF5-3338-000|HP9000
RF5-3340-000|HP5500
RF5-3340-000|HP5550
RF5-3340-000|HP9000
RF5-3403-000|HP9000
RF5-3404-000|HP9000
RF5-3439-000|HP5000
RF5-3739-000|HP4600
RF5-3750-000|HP4600
RF5-3750-ASM|HP4600
RF5-3774-030|HP4600
RF5-3775-030|HP4600
RF5-3865-000|HP5500
RF5-3865-000|HP5550
RF5-4012-000|HP2500
RF5-4012-000|HP2820
RF5-4040-000|HP2500
RF5-4067-000|HP2550
RF5-4067-000|HP2820
RF5-4119-000|HP5100
RF5-4120-000|HP5100
RF5-4258-000|HP2300
RF5-4258-000|HP2500
RF5-4258-000|HP2820
RF9-1394-000|HP8100
RG0-1007-000|HP1200
RG0-1010-000|HP1200
RG0-1010-000|HP1300
RG0-1020-000|HP1200
RG0-1072-000|HP1000
RG0-1072-000|HP1200
RG0-1072-000|HP1300
RG0-1082-000|HP1000
RG0-1082-000|HP1200
RG0-1082-000|HP1300
RG1-0719-OEM|HPII/III
RG1-0931-000|HPII/III
RG1-0931-SPR|HPII/III
RG1-0939-000|HPII/III
RG1-0939-AEX|HPII/III
RG1-0966-000|HPII/III
RG1-0967-000|HPII/III
RG1-1777-000|HPIIP/IIIP
RG1-1788-000|HPIIP/IIIP
RG1-1788-AEX|HPIIP/IIIP
RG1-1912-080|HPIIP/IIIP
RG5-0046-000|HP3Si/4Si
RG5-0046-AEX|HP3Si/4Si
RG5-0047-000|HP3Si/4Si
RG5-0141-000|HP3Si/4Si
RG5-0198-000|CanonBX
RG5-0198-000|HP4V
RG5-0331-OEM|CanonBX
RG5-0331-OEM|HP4V
RG5-0454-000|HP4
RG5-0454-AEX|HP4
RG5-0455-000|HP4
RG5-0474-000|HP4
RG5-0474-OEM|HP4
RG5-0662-000|HP4L/4P
RG5-0676-000|HP4L/4P
RG5-0676-AEX|HP4L/4P
RG5-0676-FM3|HP4L/4P
RG5-0676-HE|HP4L/4P
RG5-0677-HE|HP4L/4P
RG5-0681-000|HP4L/4P
RG5-0681-000|HP5P
RG5-0681-000|HP6P
RG5-0683-000|HP4L/4P
RG5-0683-000|HP5P
RG5-0753-000|HP4L/4P
RG5-0765-gear|HP4L/4P
RG5-0879-000|HP4+
RG5-0879-000|HP5
RG5-0879-AEX|HP4+
RG5-0879-AEX|HP5
RG5-0880-000|HP4+
RG5-0880-000|HP5
RG5-0881-000|HP4+
RG5-0881-000|HP5
RG5-0881-OEM|HP4+
RG5-0881-OEM|HP5
RG5-0903-000|HP4+
RG5-0903-000|HP5
RG5-1410-000|CanonBX
RG5-1410-000|HP4V
RG5-1557-000|HP4V
RG5-1557-AEX|HP4V
RG5-1558-000|HP4V
RG5-1700-000|HP5P
RG5-1700-AEX|HP5P
RG5-1700-FM3|HP5P
RG5-1700-FM3|HP6P
RG5-1701-000|HP5P
RG5-1702-000|HP5P
RG5-1780-000|HP5P
RG5-1799-Gear|HP5P
RG5-1852-000|HP5Si/8000
RG5-1852-AEX|HP5Si/8000
RG5-1865-000|HP5Si/8000
RG5-1865-000|HP8100
RG5-1895-000|HP5Si/8000
RG5-1951-030|HP5L
RG5-1951-030|HP6L
RG5-1964-FM3|HP5L
RG5-1964-FM3|HP6L
RG5-1964-HE|HP5L
RG5-1964-HE|HP6L
RG5-1964-heat|HP5L
RG5-1964-heat|HP6L
RG5-1965-HE|HP5L
RG5-1965-HE|HP6L
RG5-1965-heat|HP5L
RG5-1965-heat|HP6L
RG5-2004-000|HP5L
RG5-2041-000|CanonBX
RG5-2041-000|HP4V
RG5-2195-000|HP4+
RG5-2195-000|HP5
RG5-2659-000|HP4000
RG5-2659-HE|HP4000
RG5-2660-HE|HP4000
RG5-2661-000|HP4000
RG5-2661-AEX|HP4000
RG5-2661-FM3|HP4000
RG5-2661-OEM|HP4000
RG5-2662-000|HP4000
RG5-2800-HE|HP5P
RG5-2800-HE|HP6P
RG5-2801-HE|HP5P
RG5-2801-HE|HP6P
RG5-2802-000|HP6P
RG5-2848-000|HP6P
RG5-3060-000|HP8500
RG5-3060-AEX|HP8500
RG5-3061-000|HP8500
RG5-3160-000|HP4500
RG5-3250-000|HP4500
RG5-3251-000|HP4500
RG5-3497-000|HP6L
RG5-3520-000|HP5000
RG5-3520-000|HP5100
RG5-3520-SPR|HP5000
RG5-3520-SPR|HP5100
RG5-3528-000|HP5000
RG5-3528-AEX|HP5000
RG5-3528-FM3|HP5000
RG5-3528-HE|HP5000
RG5-3528-HEAT|HP5000
RG5-3529-000|HP5000
RG5-3529-HE|HP5000
RG5-3529-Heat|HP5000
RG5-3579-000|HP5000
RG5-3603-000|HP5000
RG5-3693-SPR|HP4000
RG5-3718-000|HP4000
RG5-3718-000|HP4100
RG5-3721-000|HP4000
RG5-4110-000|HP6P
RG5-4110-AEX|HP6P
RG5-4110-OEM|HP6P
RG5-4111-000|HP6P
RG5-4128-000|HP2100
RG5-4128-000|HP2200
RG5-4132-000|HP2100
RG5-4132-AEX|HP2100
RG5-4132-FM3|HP2100
RG5-4132-HE|HP2100
RG5-4132-OEM|HP2100
RG5-4133-000|HP2100
RG5-4133-HE|HP2100
RG5-4141-000|HP2100
RG5-4164-000|HP2100
RG5-4283-000|HP4000
RG5-4318-000|HP8100
RG5-4318-AEX|HP8100
RG5-4319-000|HP8100
RG5-4334-000|HP8100
RG5-4334-AEX|HP8100
RG5-4447-000|HP5Si/8000
RG5-4447-AEX|HP5Si/8000
RG5-4448-000|HP5Si/8000
RG5-4570-000|HP1100
RG5-4582-000|HP1100
RG5-4585-000|HP1100
RG5-4589-000|HP1100
RG5-4589-FM3|HP1100
RG5-4589-HE|HP1100
RG5-4589-heat|HP1100
RG5-4590-HE|HP1100
RG5-4590-heat|HP1100
RG5-4657-000|HP1100
RG5-5063-000|HP4100
RG5-5063-AEX|HP4100
RG5-5063-SPR|HP4100
RG5-5064-000|HP4100
RG5-5068-FM3|HP4100
RG5-5068-HE|HP4100
RG5-5069-HE|HP4100
RG5-5154-000|HP4500
RG5-5154-AEX|HP4500
RG5-5155-000|HP4500
RG5-5281-000|HP4000
RG5-5281-000|HP4100
RG5-5281-OEM|HP4000
RG5-5281-OEM|HP4100
RG5-5295-000|HP4100
RG5-5559-000|HP2200
RG5-5559-AEX|HP2200
RG5-5560-FM3|HP2200
RG5-5560-HE|HP2200
RG5-5560-Heat|HP2200
RG5-5561-000|HP2200
RG5-5569-000|HP2200
RG5-5570-HE|HP2200
RG5-5570-Heat|HP2200
RG5-5581-000|HP2200
RG5-5591-000|HP2200
RG5-5643-OEM|HP9000
RG5-5649-000|HP9000
RG5-5656-OEM|HP9000
RG5-5662-000|HP9000
RG5-5663-OEM|HP9000
RG5-5678-000|HP9000
RG5-5679-000|HP9000
RG5-5681-OEM|HP9000
RG5-5731-OEM|HP9000
RG5-5750-000|HP9000
RG5-5750-AEX|HP9000
RG5-5751-000|HP9000
RG5-6493-000|HP4600
RG5-6493-AEX|HP4600
RG5-6493-CS|HP4600
RG5-6493-FM3|HP4600
RG5-6517-000|HP4600
RG5-6670-000|HP5500
RG5-6670-000|HP5550
RG5-6903-FM3|HP1500
RG5-6903-FM3|HP2500
RG5-6903-HE|HP1500
RG5-6903-HE|HP2500
RG5-6913-HE|HP1500
RG5-6913-HE|HP2500
RG5-6952-000|HP1500
RG5-6952-000|HP2500
RG5-7060-000|HP5100
RG5-7060-AEX|HP5100
RG5-7060-FM3|HP5100
RG5-7060-HE|HP5100
RG5-7060-HEAT|HP5100
RG5-7061-000|HP5100
RG5-7061-HE|HP5100
RG5-7061-HEAT|HP5100
RG5-7572-000|HP2550
RG5-7572-AEX|HP2550
RG5-7572-FM3|HP2550
RG5-7572-FM3|HP2820
RG5-7572-HE|HP2550
RG5-7573-HE|HP2550
RG5-7709-000|HP5550
RG9-1310-000|HP5000
RG9-1431-000|HP5000
RG9-1431-000CN|HP5000
RG9-1483-000|HP1000
RG9-1483-000|HP1200
RG9-1485-000|HP5000
RG9-1486-000|HP1200
RG9-1493-000|HP1200
RG9-1493-AEX|HP1200
RG9-1493-FM3|HP1000
RG9-1493-FM3|HP1200
RG9-1493-FM3|HP1300
RG9-1493-HE|HP1200
RG9-1493-Heat|HP1200
RG9-1494-000|HP1200
RG9-1494-HE|HP1200
RG9-1494-Heat|HP1200
RG9-1495-FFA|HP1200
RG9-1529-000|HP4600
RG9-1529-000|HP5500
RG9-1529-000|HP5550
RG9-1542-000|HP5100
RH7-1056-000|HPII/III
RH7-1122-000|HPII/III
RH7-1335-000|HP4000
RH7-1442-000|HP4100
RH7-1573-000|HP4200
RH7-1573-000|HP4300
RH7-1577-000|HP4200
RH7-1577-000|HP4300
RH7-4024-000|HPII/III
RH7-4025-000|HPII/III
RH7-4036-000|HP3Si/4Si
RH7-4037-000|HP3Si/4Si
RH7-4044-000|CanonBX
RH7-4044-000|HP4V
RH7-4045-000|CanonBX
RH7-4045-000|HP4V
RH7-4046-000|HP4
RH7-4047-000|HP4
RH7-4048-000|HP4
RH7-4049-000|HP4
RH7-4054-000|HP4+
RH7-4054-000|HP5
RH7-4055-000|HP4+
RH7-4055-000|HP5
RH7-4070-000|HP5Si/8000
RH7-4071-000|HP5Si/8000
RH7-4074-000|HP5Si/8000
RH7-4075-000|HP5Si/8000
RH7-4104-000|HP8500
RH7-4105-000|HP8500
RH7-4108-000|HP8500
RH7-4109-000|HP8500
RH7-4112-000|HP4500
RH7-4114-000|HP4500
RH7-4116-000|HP4500
RH7-4118-000|HP4500
RH7-4126-000|HP8100
RH7-4127-000|HP8100
RH7-4128-000|HP8100
RH7-4129-000|HP8100
RH7-5287-OEM|HP9000
RH7-5357-000|HP4200
RH7-5357-000|HP4300
RH7-7009-OEM|HPII/III
RH7-7030-000|HP3Si/4Si
RH7-7030-OEM|HP3Si/4Si
RH7-7031-OEM|HP3Si/4Si
RH7-7040-OEM|CanonBX
RH7-7040-OEM|HP4V
RH7-7041-OEM|CanonBX
RH7-7041-OEM|HP4V
RH7-7045-000|HP4
RH7-7045-OEM|HP4
RH7-7054-000|HP4+
RH7-7054-000|HP5
RH7-7054-OEM|HP4+
RH7-7054-OEM|HP5
RH7-7064-000|HP5Si/8000
RH7-7064-OEM|HP5Si/8000
RH7-7065-000|HP5Si/8000
RH7-7065-OEM|HP5Si/8000
RH7-7087-000|HP8500
RH7-7088-000|HP8500
RH7-7090-000|HP4500
RH7-7090-OEM|HP4500
RH7-7092-000|HP4500
RH7-7105-000|HP8100
RH7-7105-OEM|HP8100
RH7-7106-000|HP8100
RH7-7106-OEM|HP8100
RH7-7125-000|HP9000
RH7-7126-000|HP9000
RH7-7150-000|HP4200
RH7-7150-000|HP4250
RH7-7150-000|HP4300
RING-INFO20|INFO20
RK-1100|HP1100
RK-1200|HP1200
RK-1300|HP1300
RK-1320|HP1320
RK-2100|HP2100
RK-2200|HP2200
RK-2300|HP2300
RK-2400|HP2400
RK-2500|HP2500
RK-4000|HP4000
RK-4100|HP4100
RK-4200|HP4200
RK-4250|HP4250
RK-4250|HP4345
RK-4250|HP4350
RK-4300|HP4300
RK-4500|HP4500
RK-4600|HP4600
RK-5|HP5
RK-5000|HP5000
RK-5100|HP5100
RK-8100|HP8100
RK-9000|HP9000
RK-AX|HP5L
RK-AX|HP6L
RK-BX|HP4V
RK-EX|HP4
RK-EX+|HP4+
RK-EX5|HP4+
RK-EXII|HP4+
RK-L4059|LexOptraS
RK-L4060|LexT63x
RK-L4061|LexT64x
RK-L4069|LexOptraT
RK-NX|HP3Si/4Si
RK-P2015|HPP2015
RK-P2035|HPP2035
RK-P3005|HPP3005
RK-T650|LexT65x
RK-VX|HP5P
RK-VX|HP6P
RK-WX|HP5Si/8000
RL1-0007-000|HP4200
RL1-0007-000|HP4250
RL1-0007-000|HP4300
RL1-0007-000|HP4345
RL1-0007-000|HP4350
RL1-0019-000|HP4200
RL1-0019-000|HP4250
RL1-0019-000|HP4300
RL1-0019-000|HP4345
RL1-0019-000|HP4350
RL1-0024-FM3|HP4250
RL1-0024-FM3|HP4300
RL1-0024-FM3|HP4345
RL1-0024-FM3|HP4350
RL1-0024S|HP4300
RL1-0266-000|HP1010
RL1-0266-000|HP1020
RL1-0266-000|HP1022
RL1-0266-000|HP3050
RL1-0303-000|HP1300
RL1-0497-000|HP4200
RL1-0497-000|HP4300
RL1-0497-000|HP4345
RL1-0540-000|HP1320
RL1-0540-000|HPP2015
RL1-0542-000|HP2400
RL1-0568-000|HP2400
RL1-0568-000|HPP3005
RL1-0915-000|HP5200
RL1-1289-000|HPCP6015
RL1-1370-000|HPP3005
RL1-1442-000|HPP1005
RL1-1442-000|HPP1008
RL1-1497-000|HPP1505
RL1-1524-000|HPP2015
RL1-1525-000|HPP2015
RL1-1641-000|HPP4014
RL1-1654-000|HPP4014
RL1-1663-000|HPP4014
RL1-2115-000|HPP2035
RL1-2120-000|HPP2035
RL1-2412-000|HPP3015
RM1-0005-000|HP4200
RM1-0005-000|HP4250
RM1-0005-000|HP4300
RM1-0005-000|HP4345
RM1-0005-000|HP4350
RM1-0013-000|HP4200
RM1-0013-AEX|HP4200
RM1-0013-FM3|HP4200
RM1-0013-HE|HP4200
RM1-0014-000|HP4200
RM1-0014-HE|HP4200
RM1-0036-000|HP4200
RM1-0036-000|HP4250
RM1-0036-000|HP4300
RM1-0036-000|HP4345
RM1-0036-000|HP4350
RM1-0036-000|HP4700
RM1-0036-000|HP5200
RM1-0036-000|HPCP4005
RM1-0036-000|HPP4014
RM1-0037-000|HP4200
RM1-0037-000|HP4250
RM1-0037-000|HP4300
RM1-0037-000|HP4345
RM1-0037-000|HP4350
RM1-0037-000|HP4700
RM1-0037-000|HP5200
RM1-0037-000|HPCP4005
RM1-0037-000|HPP4014
RM1-0043-060|HP4200
RM1-0043-060|HP4250
RM1-0043-060|HP4300
RM1-0043-060|HP4350
RM1-0043-GRB|HP4200
RM1-0043-GRB|HP4250
RM1-0043-GRB|HP4300
RM1-0043-GRB|HP4350
RM1-0101-000|HP4300
RM1-0101-AEX|HP4300
RM1-0101-HE|HP4300
RM1-0101-HE|HP4345
RM1-0102-HE|HP4300
RM1-0102-HE|HP4345
RM1-0171-000|HP1010
RM1-0338-000|HP2300
RM1-0343-000|HP2300
RM1-0354-000|HP2300
RM1-0354-AEX|HP2300
RM1-0354-FM3|HP2300
RM1-0354-HE|HP2300
RM1-0355-HE|HP2300
RM1-0371-000|HP2300
RM1-0428-FM3|HP3500
RM1-0524-000|HP1300
RM1-0550-000|HP1300
RM1-0560-000|HP1300
RM1-0560-AEX|HP1300
RM1-0560-HE|HP1300
RM1-0560-OEM|HP1300
RM1-0561-000|HP1300
RM1-0561-HE|HP1300
RM1-0648-000|HP1010
RM1-0648-000|HP1020
RM1-0649-000|HP1010
RM1-0649-AEX|HP1010
RM1-0649-FM3|HP1010
RM1-0649-FM3|HP1020
RM1-0649-FM3|HP1022
RM1-0649-FM3|HP3050
RM1-0649-HE|HP1010
RM1-0649-HE|HP3020
RM1-0650-040|HP1010
RM1-0655-000|HP1010
RM1-0655-HE|HP1010
RM1-0655-HE|HP3020
RM1-0658-000|HP1010
RM1-0658-000|HP1020
RM1-0658-000|HP1022
RM1-0658-000|HP3050
RM1-0661-OEM|HP1010
RM1-0699-000|HP4200
RM1-0699-OEM|HP4200
RM1-0717-030|HP1300
RM1-0731-000|HP3500
RM1-0731-000|HP3700
RM1-0731-000|HP5200
RM1-0739-000|HP3500
RM1-0739-000|HP3700
RM1-0739-000|HPP3015
RM1-0740-000|HP3500
RM1-0865-FM3|HP3020
RM1-0890-PAD|HP3020
RM1-1043-000|HP4345
RM1-1043-AEX|HP4345
RM1-1082-000|HP4250
RM1-1082-000|HP4350
RM1-1082-AEX|HP4250
RM1-1082-AEX|HP4350
RM1-1082-FM3|HP4250
RM1-1082-HE|HP4250
RM1-1082-HE|HP4350
RM1-1083-HE|HP4250
RM1-1083-HE|HP4350
RM1-1084-000|HP4200
RM1-1084-000|HP4300
RM1-1088-SPR|HP4250
RM1-1088-SPR|HP4300
RM1-1088-SPR|HP4350
RM1-1110-000|HP4250
RM1-1110-000|HP4345
RM1-1110-000|HP4350
RM1-1289-000|HP1320
RM1-1289-AEX|HP1320
RM1-1289-FM3|HP1320
RM1-1290-030|HP1320
RM1-1298-000|HP1320
RM1-1298-000|HP2400
RM1-1298-000|HPP2015
RM1-1298-PAD|HP1320
RM1-1298-PAD|HP2400
RM1-1298-PAD|HPP2015
RM1-1298-PAD|HPP3005
RM1-1298-PAD|HPP3015
RM1-1471-000|HP1320
RM1-1491-000|HP2400
RM1-1491-AEX|HP2400
RM1-1491-FM3|HP2400
RM1-1508-000|HP2400
RM1-1508-000|HPP3005
RM1-1820-HE|HP2600
RM1-1821-HE|HP2600
RM1-1922-PAD|HP1600
RM1-1922-PAD|HP2600
RM1-2048-PAD|HP1022
RM1-2048-PAD|HP3050
RM1-2049-HE|HP1022
RM1-2049-HE|HP3050
RM1-2050-HE|HP1022
RM1-2050-HE|HP3050
RM1-2086-000|HP1020
RM1-2086-AEX|HP1020
RM1-2087-OEM|HP1020
RM1-2462-000|HP5200
RM1-2485-020|HP5200
RM1-2522-FM3|HP5200
RM1-2546-000|HP5200
RM1-2665-000|HP3600
RM1-2665-000|HP3800
RM1-2665-FM3|HP3600
RM1-2665-FM3|HP3800
RM1-2699-000|HP3600
RM1-2699-000|HP3800
RM1-2702-000|HP3600
RM1-2702-000|HP3800
RM1-2702-000|HPCP3505
RM1-2741-000|HP3600
RM1-2741-000|HP3800
RM1-2741-000|HPCP3505
RM1-3131-FM3|HP4700
RM1-3131-FM3|HPCP4005
RM1-3319-000|HPCP6015
RM1-3740-000|HPP3005
RM1-3740-AEX|HPP3005
RM1-3740-FM3|HPP3005
RM1-3740-HE|HPP3005
RM1-3741-HE|HPP3005
RM1-4006-PAD|HPP1005
RM1-4006-PAD|HPP1008
RM1-4007-FM3|HPP1005
RM1-4007-FM3|HPP1008
RM1-4007-HE|HPP1005
RM1-4007-HE|HPP1008
RM1-4008-HE|HPP1005
RM1-4008-HE|HPP1008
RM1-4207-PAD|HPP1505
RM1-4208-FM3|HPP1505
RM1-4208-HE|HPP1505
RM1-4209-HE|HPP1505
RM1-4247-000|HPP2015
RM1-4247-AEX|HPP2015
RM1-4247-FM3|HPP2015
RM1-4279-000|HPP2015
RM1-4554-000|HPP4014
RM1-4554-AEX|HPP4014
RM1-4554-FM3|HPP4014
RM1-5462-000|HPP4014
RM1-6313-000|HP5200
RM1-6313-000|HPP3005
RM1-6313-000|HPP3015
RM1-6321-000|HPP3015
RM1-6414-000|HPP2035
RM1-6450-000|HPP2035
RM1-7572-FM3|HP2550
ROL-4000-DDU|HP4000
ROL-4000-DG|HP4000
ROL-9000-IF|HP9000
ROL-9000-PF|HP9000
ROL-9500-CLEAN|HP9500
ROL-W810-CLEAN|LexW810
RS1-0116-000|HPII/III
RS1-0116-OLD|HPII/III
RS1-0118-000|HPII/III
RS1-0132-000|HPII/III
RS1-0287-000|HPIIP/IIIP
RS1-1019-000|HPII/III
RS1-2104-000|HPII/III
RS1-2105-000|HPII/III
RS1-2109-000|HPII/III
RS5-0057-000|HP3Si/4Si
RS5-0058-000|HP3Si/4Si
RS5-0059-000|HP3Si/4Si
RS5-0060-000|HP3Si/4Si
RS5-0061-000|HP3Si/4Si
RS5-0062-000|HP3Si/4Si
RS5-0180-000|CanonBX
RS5-0180-000|HP4V
RS5-0182-000|CanonBX
RS5-0182-000|HP4V
RS5-0183-000|CanonBX
RS5-0183-000|HP4V
RS5-0184-000|CanonBX
RS5-0184-000|HP4V
RS5-0185-000|CanonBX
RS5-0185-000|HP4V
RS5-0194-000|CanonBX
RS5-0194-000|HP4V
RS5-0228-000|HP4
RS5-0228-000|HP4+
RS5-0228-000|HP5
RS5-0229-000|HP4
RS5-0229-000|HP4+
RS5-0229-000|HP5
RS5-0230-000|HP4
RS5-0231-000|HP4
RS5-0231-000|HP4+
RS5-0231-000|HP5
RS5-0232-000|HP4
RS5-0237-000|HP4
RS5-0237-000|HP4+
RS5-0250-000|HP4
RS5-0250-000|HP4+
RS5-0250-000|HP5
RS5-0260-000|HP4
RS5-0260-000|HP4+
RS5-0260-000|HP5
RS5-0313-000|HP4L/4P
RS5-0313-000|HP5P
RS5-0313-000|HP6P
RS5-0314-000|HP4L/4P
RS5-0316-000|HP4L/4P
RS5-0388-000|HP4+
RS5-0388-000|HP5
RS5-0393-000|HP4+
RS5-0393-000|HP5
RS5-0603-000|CanonBX
RS5-0603-000|HP4V
RS5-0636-000|HP5P
RS5-0636-000|HP6P
RS5-0637-000|HP5P
RS5-0637-000|HP6P
RS5-0748-000|HP5Si/8000
RS5-0748-000|HP8100
RS5-0749-000|HP5Si/8000
RS5-0750-000|HP5Si/8000
RS5-0751-000|HP5Si/8000
RS5-0751-MTL|HP5Si/8000
RS5-0752-000|HP5Si/8000
RS5-0752-000|HP8100
RS5-0753-000|HP5Si/8000
RS5-0756-000|HP5Si/8000
RS5-0756-000|HP8100
RS5-0796-000|HP5L
RS5-0796-000|HP6L
RS5-0921-000|HP4000
RS5-0922-000|HP4000
RS5-0922-000|HP4100
RS5-0923-000|HP4000
RS5-0924-000|HP4000
RS5-0925-000|HP4000
RS5-0925-CLCH|HP4000
RS5-0978-5P|HP5P
RS5-0978-6P|HP6P
RS5-1001-000|HP3Si/4Si
RS5-1063-000|HP4
RS5-1064-000|HP4
RS5-1065-000|HP4
RS5-1097-000|HP4+
RS5-1097-000|HP5
RS5-1098-000|HP4+
RS5-1098-000|HP5
RS5-1099-000|HP4+
RS5-1099-000|HP5
RS5-1296-000|HP4000
RS5-1297-000|HP4000
RS5-1310-000|HP4000
RS5-1389-000|HP5000
RS5-1389-000|HP5100
RS5-1389-000|HP5200
RS5-2026-000|HP3Si/4Si
RS5-2027-000|HP3Si/4Si
RS5-2028-000|HP3Si/4Si
RS5-2030-000|HP3Si/4Si
RS5-2032-000|HP3Si/4Si
RS5-2168-000|HP4
RS5-2180-000|HP4
RS5-2180-000|HP4+
RS5-2180-000|HP5
RS5-2186-000|HP4
RS5-2186-000|HP4+
RS5-2186-000|HP5
RS5-2219-000|HP4
RS5-2219-000|HP4+
RS5-2219-000|HP5
RS5-2265-020|HP4
RS5-2265-020|HP4+
RS5-2265-020|HP5
RS5-2421-000|HP5P
RS5-2421-000|HP6P
RS5-2485-000|HP5Si/8000
RS5-2485-000|HP8100
RS5-2486-000|HP5Si/8000
RS5-2486-000|HP8100
RS5-2487-000|HP5Si/8000
RS5-2502-000|HP1100
RS5-2502-000|HP5L
RS5-2502-000|HP6L
RS5-2556-000|HP5Si/8000
RS5-2557-000|HP5Si/8000
RS5-2571-000|HP5
RS5-2632-000|HP4000
RS5-2632-000|HP4100
RS5-2643-000|HP6P
RS5-8128-000|CanonBX
RS5-8128-000|HP4V
RS5-8170-000|HP4L/4P
RS5-8380-000|HP4
RS5-8380-000|HP4+
RS5-8380-000|HP4500
RS5-8380-000|HP5
RS5-8380-000|HP5Si/8000
RS5-8380-000|HP8100
RS5-8380-000|HP8500
RS5-8591-000|HP4500
RS5-8591-000|HP5Si/8000
RS5-8591-000|HP8100
RS5-8591-000|HP8500
RS5-8909-000|HP4500
RS6-0042-000|HP8500
RS6-0043-000|HP8500
RS6-0044-000|HP8500
RS6-0195-000|HP4500
RS6-0196-000|HP4500
RS6-0197-000|HP4500
RS6-0198-000|HP4500
RS6-0199-000|HP4500
RS6-0200-000|HP4500
RS6-0217-000|HP4500
RS6-0218-000|HP4500
RS6-0219-000|HP4500
RS6-0220-000|HP4500
RS6-0221-000|HP4500
RS6-0222-000|HP4500
RS6-0223-000|HP4500
RS6-0227-000|HP4500
RS6-0348-000|HP5000
RS6-0348-000|HP5100
RS6-0354-000|HP5000
RS6-0354-000|HP5100
RS6-0355-000|HP5000
RS6-0355-000|HP5100
RS6-0356-000|HP5000
RS6-0356-000|HP5100
RS6-0356-CLIP|HP5000
RS6-0442-000|HP2100
RS6-0443-000|HP2100
RS6-0444-000|HP2100
RS6-0444-000|HP2200
RS6-0458-000|HP2100
RS6-0505-000|HP8100
RS6-0506-000|HP8100
RS6-0507-000|HP8100
RS6-0508-000|HP8100
RS6-0566-000|HP1100
RS6-0675-000|HP4100
RS6-0676-000|HP4100
RS6-0677-000|HP4100
RS6-0688-000|HP4100
RS6-0840-000|HP9000
RS6-0841-000|HP9000
RS6-0842-000|HP9000
RS6-0843-000|HP9000
RS6-0844-000|HP9000
RS6-0845-000|HP9000
RS6-0921-000|HP2200
RS6-0921-000|HP2300
RS6-0922-000|HP2200
RS6-0923-000|HP2200
RS6-0923-000|HP2300
RS6-0979-000|HP9500
RS6-0980-000|HP9500
RS6-0981-000|HP9500
RS6-2022-000|HP2200
RS6-2124-000|HP1100
RS6-2378-000|HP2200
RS6-8030-000|HP8100
RS6-8030-000|HP8500
RS6-8467-000|HP9000
RS7-0061-000|HP9500
RS7-0165-000|HP4600
RS7-0308-000|HP5500
RS7-0308-000|HP5550
RTN-T522-UFR|LexT52x
RTN-T522-UFR|LexT63x
RTN-T522-UFR|LexT64x
RTN-T522-UFR|LexT65x
RU5-0016-000|HP4200
RU5-0016-000|HP4300
RU5-0017-000|HP4200
RU5-0017-000|HP4300
RU5-0018-000|HP4200
RU5-0018-000|HP4250
RU5-0018-000|HP4300
RU5-0018-000|HP4345
RU5-0018-000|HP4350
RU5-0020-000|HP4200
RU5-0020-000|HP4250
RU5-0020-000|HP4300
RU5-0020-000|HP4345
RU5-0020-000|HP4350
RU5-0044-000|HP4200
RU5-0044-000|HP4250
RU5-0044-000|HP4300
RU5-0044-000|HP4345
RU5-0044-000|HP4350
RU5-0185-000|HP1010
RU5-0185-000|HP1020
RU5-0185-000|HP3020
RU5-0275-000|HP4250
RU5-0275-000|HP4345
RU5-0275-000|HP4350
RU5-0276-000|HP4250
RU5-0276-000|HP4345
RU5-0276-000|HP4350
RU5-0277-000|HP4200
RU5-0277-000|HP4300
RU5-0307-000|HP1320
RU5-0330-000|HP1320
RU5-0330-000|HPP2015
RU5-0331-000|HP1320
RU5-0331-000|HP2400
RU5-0331-000|HPP2015
RU5-0332-000|HP1320
RU5-0332-000|HPP2015
RU5-0377-000|HP2400
RU5-0378-000|HP2400
RU5-0379-000|HP2400
RU5-0433-000|HP2600
RU5-0438-000|HP2600
RU5-0523-000|HP1010
RU5-0523-000|HP1022
RU5-0523-000|HP3020
RU5-0523-000|HP3050
RU5-0556-000|HP5200
RU5-0557-000|HP5200
RU5-0575-000|HP5200
RU5-0576-000|HP5200
RU5-0577-000|HP5200
RU5-0780-000|HPCP6015
RU5-0956-000|HPP3005
RU5-0957-000|HPP3005
RU5-0958-000|HPP3005
RU5-0959-000|HPP3005
RU5-0960-000|HPP3005
RU5-0961-000|HPP3005
RU5-0962-000|HPP3005
RU5-0964-000|HPP3005
RU5-0966-000|HPP3005
RU5-8125-000|HP3500
RU6-0020-000|HPP1505
RU6-0112-000|HPCP1215
RU6-0164-000|HPP4014
RU6-0165-000|HPP4014
RU6-0167-000|HPP4014
RU6-0169-000|HPP4014
RU6-0170-000|HPP4014
RU6-0171-000|HPP4014
RU6-0172-000|HPP4014
RU6-0310-000|HPCP2025
RU7-0028-000|HPP3015
RU7-0030-000|HPP3015
RY7-5008-000|HP5L
RY7-5008-000|HP6L
RY7-5050-000|HP1100
RY7-5077-000|HP5L
RY7-5077-000|HP6L
RY7-5081-000|HP1200
SCW-INFO20|INFO20
SL-12H|HP1200
SL-21/40H|HP2100
SL-21/40H|HP2200
SL-21/40H|HP4000
SL-21/40H|HP4100
SL-24H|HP2400
SL-26H|HP2600
SL-35H|HP3500
SL-35H|HP3700
SL-36H|HP3600
SL-36H|HP3800
SL-42H|HP4200
SL-47H|HP4700
SL-50H|HP5000
SL-55H|HP5500
SL-55H|HP5550
SNR-2400-Fuser|HP2400
SNR-2600|HP2600
SNR-3500-LFT|HP3500
SNR-3500-RGT|HP3500
SNR-4500-ARM|HP4500
SNR-9000-Fuser|HP9000
SNR-E250-ASM|LexE250
SNR-P3005-Fuser|HPP3005
SNR-P3005-Fuser|HPP3015
SNR-T420|LexT420
SNR-T640-EXIT|LexT64x
SNR-T640-EXIT|LexT65x
SNR-T640-EXT|LexT64x
SNR-T640-EXT|LexT65x
SNR-T640-NM|LexT64x
SNR-T650-NM|LexT65x
SP-N40|XeroxN40
SPR-2300-Fuser|HP2300
SPR-2400-Fuser|HP2400
SPR-2400-SNR|HP2400
SPR-2400-SNR|HPP3015
SPR-2400-UDR|HP2400
SPR-3500-DGL|HP3500
SPR-3500-UDR|HP3500
SPR-4014-CAM|HPP4014
SPR-4100-USG|HP4100
SPR-5500-FDR|HP5500
SPR-5500-FDR|HP5550
SPR-9000-HRS|HP9000
SPR-N40|XeroxN40
SPR-P3005-FUSER|HPP3005
SPR-T420-CLW|LexT420
SPR-T420-EXT|LexT420
SPR-T420-LPR|LexT420
SPR-T420-LVR|LexT420
SPR-T630-DHA|LexT63x
SPR-T630-DHA|LexT64x
SPR-T630-DHA|LexT65x
SPR-W820|LexW820
SP-SM1210|Samsung 1210
SP-SM1210|Samsung 1430
SP-SM1210|Samsung 4500
SP-SM1210|Samsung 5100
SP-SM1210|Samsung 555
SP-SM1210|Samsung 808
SP-SM1510|Samsung 1510
SP-SM1510|Samsung 1710
SP-SM1510|Samsung 4100
SP-SM1510|Samsung 4200
SP-SM1510|Samsung 4520
SP-SM1510|Samsung 4720
SP-W820|LexW820
T2941|Dell W5300
TIRE-B2040|Brother 2040
TIRE-B2040|Brother 2070
TIRE-B2040|Brother 7010
TIRE-B2040|Brother 7420
TIRE-E1220|Epson 1220
TIRE-E6200|Epson 6200
TIRE-E6200|Minolta 1300
TIRE-PS503|Panasonic 503
TM1-C760|LexOptraC760
TM-2550|HP2550
TM-2820|HP2820
TM2-C760|LexOptraC760
TM-3500|HP3500
TM-3600|HP3600
TM-3600|HP3800
TM-4517-FX|IBM4317
TM-4517-FX|Xerox4517
TM-9000-LOW|HP9000
TM-9000-UP|HP9000
TM-9500|HP9500
TM-E320|LexE32x
TM-E332|LexE33x
TM-INFO20|INFO20
TM-INFO21|INFO21
TM-INFO21|XeroxN2125
TM-P3005|HPP3005
TM-P4014|HPP4014
TM-T420|LexT420
TM-T650|LexT65x
TM-W820|LexW820
TM-X4500|Xerox4500
TM-X4500|Xerox4510
TR-INFO20|INFO20
TR-P2015|HPP2015
TW1-W820|LexW820
TW2-W820|LexW820
TW-C760|LexOptraC760
TW-E320|LexE22x
TW-E320|LexE32x
TW-INFO20|INFO20
TW-T420|LexT420
TW-T650|LexT65x
TW-W840|LexW840
U6180-60001|HP2300
U6180-60001AEX|HP2300
UFR-4512-FX|IBM4312
UFR-4512-FX|Xerox4512
UFR-4517-FX|IBM4317
UFR-4517-FX|Xerox4517
UFR-9500|HP9500
UFR-B1240|Brother 1240
UFR-B1260|Brother 1260
UFR-B2040|Brother 2040
UFR-B2040|Brother 2070
UFR-B2040|Brother 7010
UFR-B2040|Brother 7420
UFR-B2140|Brother 2140
UFR-B5240|Brother 5240
UFR-CLR5|HP5C
UFR-E120|LexOptraE120
UFR-E1220|Epson 1220
UFR-E1220|Epson 2180
UFR-E1610|Epson 1200
UFR-E1610|Epson 1610
UFR-E210|LexOptraE210
UFR-E332|Dell 1700
UFR-E332|LexE23x
UFR-E332|LexE33x
UFR-E5700|Epson 5700
UFR-E6200|Epson 6200
UFR-E6200|Minolta 1300
UFR-EP2020|Epson 2020
UFR-EP2020|Epson 2500
UFR-INFO20|INFO20
UFR-N40|XeroxN40
UFR-P8E|XeroxP8E
UFR-QMS2060|QMS2060
UFR-SM1210|Samsung 1210
UFR-SM1210|Samsung 1220
UFR-SM1210|Samsung 1430
UFR-SM1210|Samsung 4500
UFR-SM1210|Xerox3116
UFR-SM1510|Dell 1100
UFR-SM1510|Samsung 1510
UFR-SM1510|Samsung 1610
UFR-SM1510|Samsung 1710
UFR-SM1510|Samsung 1750
UFR-SM1510|Samsung 2010
UFR-SM1510|Samsung 4100
UFR-SM1510|Samsung 4116
UFR-SM1510|Samsung 4200
UFR-SM1510|Samsung 4216
UFR-SM1510|Samsung 4321
UFR-SM1510|Samsung 4521
UFR-SM1510|Xerox3115
UFR-SM1510|Xerox3116
UFR-SM1510|Xerox3117
UFR-SM1510|Xerox3119
UFR-SM1510|Xerox3130
UFR-SM2250|Samsung 2250
UFR-SM2250|Samsung 4720
UFR-SM5100|Samsung 5100
UFR-SM5100|Samsung 555
UFR-SM5312F|Samsung 5112
UFR-SM5312F|Samsung 5115
UFR-SM5312F|Samsung 5312
UFR-SM5312F|Samsung 5315
UFR-SM5312F|Xerox312
UFR-T420|LexT420
UFR-T640|LexT64x
UFR-T650|LexT65x
UFR-W810|LexW810
UFR-W812|LexW812
UFR-W820|LexW820
UFR-W840|LexW840
UFR-W840-ASM|LexW840
UFR-X202|Xerox202
UFR-X2125|INFO21
UFR-X2125|XeroxN2125
UFR-X305|Xerox305
UFR-X4500|Epson 3000
UFR-X4500|OKI B6300
UFR-X4500|Xerox4500
UFR-X4500|Xerox4510
UFR-X5400|Xerox5400
UFR-XP20|XeroxXP20
WAN-4019|Lex4019/29
WG8-5362-000|HP4000
WG8-5362-000|HP4100
WG8-5362-000|HP4200
WG8-5362-000|HP4300
WG8-5362-000|HP4500
WG8-5362-000|HP4600
WG8-5362-000|HP5000
WG8-5362-000|HP5100
WG8-5362-000|HP5500
WG8-5362-000|HP5550
WG8-5362-000|HP8500
WG8-5362-000|HPP3005
WG8-5382-000|HP1500
WG8-5382-000|HP2100
WG8-5382-000|HP2200
WG8-5382-000|HP2300
WG8-5382-000|HP2500
WG8-5382-000|HP4000
X2904|Dell W5300
XD2-3100-202|HP4500
XF9-0410-000|HP4
XF9-0410-000|HP4+
XF9-0410-000|HP5
XG9-0235-000|HP3Si/4Si
XG9-0236-000|HP3Si/4Si
XG9-0266-000|HP5Si/8000
XG9-0331-000|HP5Si/8000
XG9-0358-000|HP8500
XG9-0359-000|HP8500
XG9-0373-000|HP4500
XG9-0377-000|HP8100
XG9-0379-000|HP8100
XG9-0442-000|HP9000